<?xml version="1.0" encoding="UTF-8"?>
<!DOCTYPE mapper PUBLIC "-//mybatis.org//DTD Mapper 3.0//EN" "http://mybatis.org/dtd/mybatis-3-mapper.dtd">

<mapper namespace="com.dao.GongyingshanghuowuDao">

	<!-- 可根据自己的需求，是否要使用 -->
    <resultMap type="com.entity.GongyingshanghuowuEntity" id="gongyingshanghuowuMap">
        <result property="shangpinmingcheng" column="shangpinmingcheng"/>
        <result property="shangpinfenlei" column="shangpinfenlei"/>
        <result property="tupian" column="tupian"/>
        <result property="guige" column="guige"/>
        <result property="danjia" column="danjia"/>
        <result property="gongyingzhanghao" column="gongyingzhanghao"/>
        <result property="gongyingshang" column="gongyingshang"/>
        <result property="gongyingshangshouji" column="gongyingshangshouji"/>
    </resultMap>

	<select id="selectListVO"
		resultType="com.entity.vo.GongyingshanghuowuVO" >
		SELECT * FROM gongyingshanghuowu  gongyingshanghuowu         
        <where> 1=1 ${ew.sqlSegment}</where>
	</select>
	
	<select id="selectVO"
		resultType="com.entity.vo.GongyingshanghuowuVO" >
		SELECT  gongyingshanghuowu.* FROM gongyingshanghuowu  gongyingshanghuowu 	
 		<where> 1=1 ${ew.sqlSegment}</where>
	</select>

    <select id="selectListView"
		resultType="com.entity.view.GongyingshanghuowuView" >

		SELECT  gongyingshanghuowu.* FROM gongyingshanghuowu  gongyingshanghuowu 	        
        <where> 1=1 ${ew.sqlSegment}</where>
	</select>
	
	<select id="selectView"
		resultType="com.entity.view.GongyingshanghuowuView" >
		SELECT * FROM gongyingshanghuowu  gongyingshanghuowu <where> 1=1 ${ew.sqlSegment}</where>
	</select>
	

</mapper>
