<?xml version="1.0" encoding="UTF-8"?>
<!DOCTYPE mapper PUBLIC "-//mybatis.org//DTD Mapper 3.0//EN" "http://mybatis.org/dtd/mybatis-3-mapper.dtd">

<mapper namespace="com.dao.GongyingshangDao">

	<!-- 可根据自己的需求，是否要使用 -->
    <resultMap type="com.entity.GongyingshangEntity" id="gongyingshangMap">
        <result property="gongyingzhanghao" column="gongyingzhanghao"/>
        <result property="mima" column="mima"/>
        <result property="gongyingshang" column="gongyingshang"/>
        <result property="fuzeren" column="fuzeren"/>
        <result property="xingbie" column="xingbie"/>
        <result property="nianling" column="nianling"/>
        <result property="touxiang" column="touxiang"/>
        <result property="gongyingshangshouji" column="gongyingshangshouji"/>
    </resultMap>

	<select id="selectListVO"
		resultType="com.entity.vo.GongyingshangVO" >
		SELECT * FROM gongyingshang  gongyingshang         
        <where> 1=1 ${ew.sqlSegment}</where>
	</select>
	
	<select id="selectVO"
		resultType="com.entity.vo.GongyingshangVO" >
		SELECT  gongyingshang.* FROM gongyingshang  gongyingshang 	
 		<where> 1=1 ${ew.sqlSegment}</where>
	</select>

    <select id="selectListView"
		resultType="com.entity.view.GongyingshangView" >

		SELECT  gongyingshang.* FROM gongyingshang  gongyingshang 	        
        <where> 1=1 ${ew.sqlSegment}</where>
	</select>
	
	<select id="selectView"
		resultType="com.entity.view.GongyingshangView" >
		SELECT * FROM gongyingshang  gongyingshang <where> 1=1 ${ew.sqlSegment}</where>
	</select>
	

</mapper>
