<?xml version="1.0" encoding="UTF-8"?>
<!DOCTYPE mapper PUBLIC "-//mybatis.org//DTD Mapper 3.0//EN" "http://mybatis.org/dtd/mybatis-3-mapper.dtd">

<mapper namespace="com.dao.HuowupandianDao">

	<!-- 可根据自己的需求，是否要使用 -->
    <resultMap type="com.entity.HuowupandianEntity" id="huowupandianMap">
        <result property="pandianriqi" column="pandianriqi"/>
        <result property="shangpinbianhao" column="shangpinbianhao"/>
        <result property="shangpinmingcheng" column="shangpinmingcheng"/>
        <result property="shengchandi" column="shengchandi"/>
        <result property="shangpinfenlei" column="shangpinfenlei"/>
        <result property="pandianshuliang" column="pandianshuliang"/>
        <result property="pandianqingkuang" column="pandianqingkuang"/>
        <result property="pandianbeizhu" column="pandianbeizhu"/>
    </resultMap>

	<select id="selectListVO"
		resultType="com.entity.vo.HuowupandianVO" >
		SELECT * FROM huowupandian  huowupandian         
        <where> 1=1 ${ew.sqlSegment}</where>
	</select>
	
	<select id="selectVO"
		resultType="com.entity.vo.HuowupandianVO" >
		SELECT  huowupandian.* FROM huowupandian  huowupandian 	
 		<where> 1=1 ${ew.sqlSegment}</where>
	</select>

    <select id="selectListView"
		resultType="com.entity.view.HuowupandianView" >

		SELECT  huowupandian.* FROM huowupandian  huowupandian 	        
        <where> 1=1 ${ew.sqlSegment}</where>
	</select>
	
	<select id="selectView"
		resultType="com.entity.view.HuowupandianView" >
		SELECT * FROM huowupandian  huowupandian <where> 1=1 ${ew.sqlSegment}</where>
	</select>
	

</mapper>
