<?xml version="1.0" encoding="UTF-8"?>
<!DOCTYPE mapper PUBLIC "-//mybatis.org//DTD Mapper 3.0//EN" "http://mybatis.org/dtd/mybatis-3-mapper.dtd">

<mapper namespace="com.dao.ShangpinxinxiDao">

	<!-- 可根据自己的需求，是否要使用 -->
    <resultMap type="com.entity.ShangpinxinxiEntity" id="shangpinxinxiMap">
        <result property="shangpinbianhao" column="shangpinbianhao"/>
        <result property="shangpinmingcheng" column="shangpinmingcheng"/>
        <result property="shengchandi" column="shengchandi"/>
        <result property="shangpinfenlei" column="shangpinfenlei"/>
        <result property="kucun" column="kucun"/>
        <result property="shangpintupian" column="shangpintupian"/>
        <result property="shangpinxiangqing" column="shangpinxiangqing"/>
    </resultMap>

	<select id="selectListVO"
		resultType="com.entity.vo.ShangpinxinxiVO" >
		SELECT * FROM shangpinxinxi  shangpinxinxi         
        <where> 1=1 ${ew.sqlSegment}</where>
	</select>
	
	<select id="selectVO"
		resultType="com.entity.vo.ShangpinxinxiVO" >
		SELECT  shangpinxinxi.* FROM shangpinxinxi  shangpinxinxi 	
 		<where> 1=1 ${ew.sqlSegment}</where>
	</select>

    <select id="selectListView"
		resultType="com.entity.view.ShangpinxinxiView" >

		SELECT  shangpinxinxi.* FROM shangpinxinxi  shangpinxinxi 	        
        <where> 1=1 ${ew.sqlSegment}</where>
	</select>
	
	<select id="selectView"
		resultType="com.entity.view.ShangpinxinxiView" >
		SELECT * FROM shangpinxinxi  shangpinxinxi <where> 1=1 ${ew.sqlSegment}</where>
	</select>
	

</mapper>
